Gruppe,Kaufen
Student,gering
Student,gering
Student,gering
Student,gering
Student,gering
Student,gering
Student,gering
Student,gering
Student,gering
Student,gering
Student,gering
Student,gering
Student,gering
Student,gering
Student,gering
Student,gering
Student,gering
Student,gering
Student,gering
Student,gering
Student,gering
Student,gering
Student,gering
Student,gering
Student,gering
Student,gering
Student,gering
Student,gering
Student,gering
Student,gering
Student,gering
Student,gering
Student,gering
Student,gering
Student,gering
Student,gering
Student,gering
Student,gering
Student,gering
Student,gering
Student,gering
Student,gering
Student,gering
Student,gering
Student,gering
Student,gering
Student,gering
Student,gering
Student,gering
Student,gering
Student,gering
Student,gering
Student,gering
Student,gering
Student,gering
Student,gering
Student,gering
Student,gering
Student,gering
Student,gering
Student,gering
Student,gering
Student,gering
Student,gering
Student,gering
Student,gering
Student,gering
Student,gering
Student,gering
Student,gering
Student,gering
Student,gering
Student,gering
Student,gering
Student,gering
Student,gering
Student,gering
Student,gering
Student,gering
Student,gering
Student,gering
Student,gering
Student,gering
Student,gering
Student,gering
Student,gering
Student,gering
Student,gering
Student,gering
Student,gering
Student,gering
Student,gering
Student,gering
Student,gering
Student,gering
Student,gering
Student,gering
Student,gering
Student,gering
Student,gering
Student,gering
Student,gering
Student,gering
Student,gering
Student,gering
Student,gering
Student,gering
Student,gering
Student,gering
Student,gering
Student,gering
Student,gering
Student,gering
Student,gering
Student,gering
Student,gering
Student,gering
Student,gering
Student,gering
Student,gering
Student,gering
Student,gering
Student,gering
Student,gering
Student,gering
Student,gering
Student,gering
Student,gering
Student,gering
Student,gering
Student,gering
Student,gering
Student,gering
Student,gering
Student,gering
Student,gering
Student,gering
Student,gering
Student,gering
Student,gering
Student,gering
Student,gering
Student,gering
Student,gering
Student,gering
Student,gering
Student,gering
Student,gering
Student,gering
Student,gering
Student,gering
Student,gering
Student,gering
Student,gering
Student,gering
Student,gering
Student,gering
Student,gering
Student,gering
Student,gering
Student,gering
Student,gering
Student,gering
Student,gering
Student,gering
Student,gering
Student,gering
Student,gering
Student,gering
Student,gering
Student,gering
Student,gering
Student,gering
Student,gering
Student,gering
Student,gering
Student,gering
Student,gering
Student,gering
Student,gering
Student,gering
Student,gering
Student,gering
Student,gering
Student,gering
Student,gering
Student,gering
Student,gering
Student,gering
Student,gering
Student,gering
Student,gering
Student,gering
Student,gering
Student,gering
Student,gering
Student,gering
Student,mittel
Student,mittel
Student,mittel
Student,mittel
Student,mittel
Student,mittel
Student,mittel
Student,mittel
Student,mittel
Student,mittel
Student,mittel
Student,mittel
Student,mittel
Student,mittel
Student,mittel
Student,mittel
Student,mittel
Student,mittel
Student,mittel
Student,mittel
Student,mittel
Student,mittel
Student,mittel
Student,mittel
Student,mittel
Student,mittel
Student,mittel
Student,mittel
Student,mittel
Student,mittel
Student,mittel
Student,mittel
Student,mittel
Student,mittel
Student,mittel
Student,mittel
Student,mittel
Student,mittel
Student,mittel
Student,mittel
Student,mittel
Student,mittel
Student,mittel
Student,mittel
Student,mittel
Student,mittel
Student,mittel
Student,mittel
Student,mittel
Student,mittel
Student,mittel
Student,mittel
Student,mittel
Student,mittel
Student,mittel
Student,mittel
Student,mittel
Student,mittel
Student,mittel
Student,mittel
Student,mittel
Student,mittel
Student,mittel
Student,mittel
Student,mittel
Student,mittel
Student,mittel
Student,mittel
Student,mittel
Student,mittel
Student,mittel
Student,mittel
Student,mittel
Student,mittel
Student,mittel
Student,mittel
Student,mittel
Student,mittel
Student,mittel
Student,mittel
Student,mittel
Student,mittel
Student,mittel
Student,mittel
Student,mittel
Student,mittel
Student,mittel
Student,mittel
Student,mittel
Student,mittel
Student,mittel
Student,mittel
Student,mittel
Student,mittel
Student,mittel
Student,mittel
Student,mittel
Student,mittel
Student,mittel
Student,mittel
Student,mittel
Student,mittel
Student,mittel
Student,mittel
Student,mittel
Student,mittel
Student,mittel
Student,mittel
Student,mittel
Student,mittel
Student,mittel
Student,mittel
Student,mittel
Student,mittel
Student,mittel
Student,mittel
Student,mittel
Student,mittel
Student,mittel
Student,mittel
Student,mittel
Student,mittel
Student,mittel
Student,mittel
Student,mittel
Student,mittel
Student,mittel
Student,mittel
Student,mittel
Student,mittel
Student,mittel
Student,mittel
Student,mittel
Student,mittel
Student,mittel
Student,mittel
Student,mittel
Student,mittel
Student,mittel
Student,mittel
Student,mittel
Student,mittel
Student,mittel
Student,mittel
Student,mittel
Student,mittel
Student,mittel
Student,mittel
Student,mittel
Student,mittel
Student,mittel
Student,mittel
Student,mittel
Student,mittel
Student,mittel
Student,mittel
Student,mittel
Student,mittel
Student,mittel
Student,mittel
Student,mittel
Student,mittel
Student,mittel
Student,mittel
Student,mittel
Student,mittel
Student,mittel
Student,mittel
Student,mittel
Student,mittel
Student,mittel
Student,mittel
Student,mittel
Student,mittel
Student,mittel
Student,mittel
Student,mittel
Student,mittel
Student,mittel
Student,mittel
Student,mittel
Student,mittel
Student,mittel
Student,mittel
Student,mittel
Student,mittel
Student,mittel
Student,mittel
Student,mittel
Student,mittel
Student,mittel
Student,mittel
Student,mittel
Student,mittel
Student,mittel
Student,mittel
Student,mittel
Student,mittel
Student,mittel
Student,mittel
Student,mittel
Student,mittel
Student,mittel
Student,mittel
Student,mittel
Student,mittel
Student,mittel
Student,mittel
Student,mittel
Student,mittel
Student,mittel
Student,mittel
Student,mittel
Student,mittel
Student,mittel
Student,mittel
Student,mittel
Student,mittel
Student,mittel
Student,mittel
Student,mittel
Student,mittel
Student,mittel
Student,mittel
Student,mittel
Student,mittel
Student,mittel
Student,mittel
Student,mittel
Student,mittel
Student,mittel
Student,mittel
Student,mittel
Student,mittel
Student,mittel
Student,mittel
Student,mittel
Student,mittel
Student,mittel
Student,mittel
Student,mittel
Student,mittel
Student,mittel
Student,mittel
Student,mittel
Student,mittel
Student,mittel
Student,mittel
Student,mittel
Student,mittel
Student,mittel
Student,mittel
Student,mittel
Student,mittel
Student,mittel
Student,mittel
Student,mittel
Student,mittel
Student,mittel
Student,mittel
Student,mittel
Student,mittel
Student,mittel
Student,mittel
Student,mittel
Student,mittel
Student,mittel
Student,mittel
Student,mittel
Student,mittel
Student,mittel
Student,mittel
Student,mittel
Student,mittel
Student,mittel
Student,mittel
Student,mittel
Student,mittel
Student,mittel
Student,mittel
Student,mittel
Student,mittel
Student,mittel
Student,mittel
Student,mittel
Student,mittel
Student,mittel
Student,mittel
Student,mittel
Student,mittel
Student,mittel
Student,mittel
Student,mittel
Student,mittel
Student,mittel
Student,mittel
Student,mittel
Student,mittel
Student,mittel
Student,mittel
Student,mittel
Student,mittel
Student,mittel
Student,mittel
Student,mittel
Student,mittel
Student,mittel
Student,mittel
Student,mittel
Student,mittel
Student,mittel
Student,mittel
Student,mittel
Student,mittel
Student,mittel
Student,mittel
Student,mittel
Student,mittel
Student,mittel
Student,mittel
Student,mittel
Student,mittel
Student,mittel
Student,mittel
Student,mittel
Student,mittel
Student,mittel
Student,mittel
Student,mittel
Student,mittel
Student,mittel
Student,mittel
Student,mittel
Student,mittel
Student,mittel
Student,mittel
Student,mittel
Student,mittel
Student,mittel
Student,mittel
Student,mittel
Student,mittel
Student,mittel
Student,mittel
Student,mittel
Student,mittel
Student,mittel
Student,mittel
Student,mittel
Student,mittel
Student,mittel
Student,mittel
Student,mittel
Student,mittel
Student,mittel
Student,mittel
Student,mittel
Student,mittel
Student,mittel
Student,mittel
Student,mittel
Student,mittel
Student,mittel
Student,mittel
Student,mittel
Student,mittel
Student,mittel
Student,mittel
Student,mittel
Student,mittel
Student,mittel
Student,mittel
Student,mittel
Student,mittel
Student,mittel
Student,mittel
Student,mittel
Student,mittel
Student,mittel
Student,mittel
Student,mittel
Student,mittel
Student,mittel
Student,mittel
Student,mittel
Student,mittel
Student,mittel
Student,mittel
Student,hoch
Student,hoch
Student,hoch
Student,hoch
Student,hoch
Student,hoch
Student,hoch
Student,hoch
Student,hoch
Student,hoch
Student,hoch
Student,hoch
Student,hoch
Student,hoch
Student,hoch
Student,hoch
Student,hoch
Student,hoch
Student,hoch
Student,hoch
Student,hoch
Student,hoch
Student,hoch
Student,hoch
Student,hoch
Student,hoch
Student,hoch
Student,hoch
Student,hoch
Student,hoch
Student,hoch
Student,hoch
Student,hoch
Student,hoch
Student,hoch
Student,hoch
Student,hoch
Student,hoch
Student,hoch
Student,hoch
Student,hoch
Student,hoch
Student,hoch
Student,hoch
Student,hoch
Student,hoch
Student,hoch
Student,hoch
Student,hoch
Student,hoch
Student,hoch
Student,hoch
Student,hoch
Student,hoch
Student,hoch
Student,hoch
Student,hoch
Student,hoch
Student,hoch
Student,hoch
Student,hoch
Student,hoch
Student,hoch
Student,hoch
Student,hoch
Student,hoch
Student,hoch
Student,hoch
Student,hoch
Student,hoch
Student,hoch
Student,hoch
Student,hoch
Student,hoch
Student,hoch
Student,hoch
Student,hoch
Student,hoch
Student,hoch
Student,hoch
Student,hoch
Student,hoch
Student,hoch
Student,hoch
Student,hoch
Student,hoch
Student,hoch
Student,hoch
Student,hoch
Student,hoch
Student,hoch
Student,hoch
Student,hoch
Student,hoch
Student,hoch
Student,hoch
Student,hoch
Student,hoch
Student,hoch
Student,hoch
Student,hoch
Student,hoch
Student,hoch
Student,hoch
Student,hoch
Student,hoch
Student,hoch
Student,hoch
Student,hoch
Student,hoch
Student,hoch
Student,hoch
Student,hoch
Student,hoch
Student,hoch
Student,hoch
Student,hoch
Student,hoch
Student,hoch
Student,hoch
Student,hoch
Student,hoch
Student,hoch
Student,hoch
Student,hoch
Student,hoch
Student,hoch
Student,hoch
Student,hoch
Student,hoch
Student,hoch
Student,hoch
Student,hoch
Student,hoch
Student,hoch
Student,hoch
Student,hoch
Student,hoch
Student,hoch
Student,hoch
Student,hoch
Student,hoch
Student,hoch
Student,hoch
Student,hoch
Student,hoch
Student,hoch
Student,hoch
Student,hoch
Student,hoch
Student,hoch
Student,hoch
Student,hoch
Student,hoch
Student,hoch
Student,hoch
Student,hoch
Student,hoch
Student,hoch
Student,hoch
Student,hoch
Student,hoch
Student,hoch
Student,hoch
Student,hoch
Student,hoch
Student,hoch
Student,hoch
Student,hoch
Student,hoch
Student,hoch
Student,hoch
Student,hoch
Student,hoch
Student,hoch
Student,hoch
Student,hoch
Student,hoch
Student,hoch
Student,hoch
Student,hoch
Student,hoch
Student,hoch
Student,hoch
Student,hoch
Student,hoch
Student,hoch
Student,hoch
Student,hoch
Student,hoch
Student,hoch
Student,hoch
Student,hoch
Student,hoch
Student,hoch
Student,hoch
Student,hoch
Student,hoch
Student,hoch
Student,hoch
Student,hoch
Student,hoch
Student,hoch
Student,hoch
Student,hoch
Student,hoch
Student,hoch
Student,hoch
Student,hoch
Student,hoch
Student,hoch
Student,hoch
Student,hoch
Student,hoch
Student,hoch
Student,hoch
Student,hoch
Student,hoch
Student,hoch
Student,hoch
Student,hoch
Student,hoch
Student,hoch
Student,hoch
Student,hoch
Student,hoch
Student,hoch
Student,hoch
Student,hoch
Student,hoch
Student,hoch
Student,hoch
Student,hoch
Student,hoch
Student,hoch
Student,hoch
Student,hoch
Student,hoch
Student,hoch
Student,hoch
Student,hoch
Student,hoch
Student,hoch
Student,hoch
Student,hoch
Student,hoch
Student,hoch
Student,hoch
Student,hoch
Student,hoch
Student,hoch
Student,hoch
Student,hoch
Student,hoch
Student,hoch
Student,hoch
Student,hoch
Student,hoch
Student,hoch
Student,hoch
Student,hoch
Student,hoch
Student,hoch
Student,hoch
Student,hoch
Student,hoch
Student,hoch
Student,hoch
Student,hoch
Student,hoch
Student,hoch
Student,hoch
Student,hoch
Student,hoch
Student,hoch
Student,hoch
Student,hoch
Student,hoch
Student,hoch
Student,hoch
Student,hoch
Student,hoch
Student,hoch
Student,hoch
Student,hoch
Student,hoch
Student,hoch
Student,hoch
Student,hoch
Student,hoch
Student,hoch
Student,hoch
Student,hoch
Student,hoch
Student,hoch
Student,hoch
Student,hoch
Student,hoch
Student,hoch
Student,hoch
Student,hoch
Student,hoch
Student,hoch
Student,hoch
Student,hoch
Student,hoch
Student,hoch
Student,hoch
Student,hoch
Student,hoch
Student,hoch
Student,hoch
Student,hoch
Student,hoch
Student,hoch
Student,hoch
Student,hoch
Student,hoch
Student,hoch
Student,hoch
Mitarbeiter,gering
Mitarbeiter,gering
Mitarbeiter,gering
Mitarbeiter,gering
Mitarbeiter,gering
Mitarbeiter,gering
Mitarbeiter,gering
Mitarbeiter,gering
Mitarbeiter,gering
Mitarbeiter,gering
Mitarbeiter,gering
Mitarbeiter,gering
Mitarbeiter,gering
Mitarbeiter,gering
Mitarbeiter,gering
Mitarbeiter,gering
Mitarbeiter,gering
Mitarbeiter,gering
Mitarbeiter,gering
Mitarbeiter,gering
Mitarbeiter,gering
Mitarbeiter,gering
Mitarbeiter,gering
Mitarbeiter,gering
Mitarbeiter,gering
Mitarbeiter,gering
Mitarbeiter,gering
Mitarbeiter,gering
Mitarbeiter,gering
Mitarbeiter,gering
Mitarbeiter,gering
Mitarbeiter,gering
Mitarbeiter,gering
Mitarbeiter,gering
Mitarbeiter,gering
Mitarbeiter,gering
Mitarbeiter,gering
Mitarbeiter,gering
Mitarbeiter,gering
Mitarbeiter,gering
Mitarbeiter,gering
Mitarbeiter,gering
Mitarbeiter,gering
Mitarbeiter,gering
Mitarbeiter,gering
Mitarbeiter,gering
Mitarbeiter,gering
Mitarbeiter,gering
Mitarbeiter,gering
Mitarbeiter,gering
Mitarbeiter,gering
Mitarbeiter,gering
Mitarbeiter,gering
Mitarbeiter,gering
Mitarbeiter,gering
Mitarbeiter,gering
Mitarbeiter,gering
Mitarbeiter,gering
Mitarbeiter,gering
Mitarbeiter,gering
Mitarbeiter,gering
Mitarbeiter,gering
Mitarbeiter,gering
Mitarbeiter,gering
Mitarbeiter,gering
Mitarbeiter,gering
Mitarbeiter,gering
Mitarbeiter,gering
Mitarbeiter,gering
Mitarbeiter,gering
Mitarbeiter,gering
Mitarbeiter,gering
Mitarbeiter,gering
Mitarbeiter,gering
Mitarbeiter,gering
Mitarbeiter,gering
Mitarbeiter,gering
Mitarbeiter,gering
Mitarbeiter,gering
Mitarbeiter,gering
Mitarbeiter,gering
Mitarbeiter,gering
Mitarbeiter,gering
Mitarbeiter,gering
Mitarbeiter,gering
Mitarbeiter,gering
Mitarbeiter,gering
Mitarbeiter,gering
Mitarbeiter,gering
Mitarbeiter,gering
Mitarbeiter,gering
Mitarbeiter,gering
Mitarbeiter,gering
Mitarbeiter,gering
Mitarbeiter,gering
Mitarbeiter,gering
Mitarbeiter,gering
Mitarbeiter,gering
Mitarbeiter,gering
Mitarbeiter,gering
Mitarbeiter,gering
Mitarbeiter,gering
Mitarbeiter,gering
Mitarbeiter,mittel
Mitarbeiter,mittel
Mitarbeiter,mittel
Mitarbeiter,mittel
Mitarbeiter,mittel
Mitarbeiter,mittel
Mitarbeiter,mittel
Mitarbeiter,mittel
Mitarbeiter,mittel
Mitarbeiter,mittel
Mitarbeiter,mittel
Mitarbeiter,mittel
Mitarbeiter,mittel
Mitarbeiter,mittel
Mitarbeiter,mittel
Mitarbeiter,mittel
Mitarbeiter,mittel
Mitarbeiter,mittel
Mitarbeiter,mittel
Mitarbeiter,mittel
Mitarbeiter,mittel
Mitarbeiter,mittel
Mitarbeiter,mittel
Mitarbeiter,mittel
Mitarbeiter,mittel
Mitarbeiter,mittel
Mitarbeiter,mittel
Mitarbeiter,mittel
Mitarbeiter,mittel
Mitarbeiter,mittel
Mitarbeiter,mittel
Mitarbeiter,mittel
Mitarbeiter,mittel
Mitarbeiter,mittel
Mitarbeiter,mittel
Mitarbeiter,mittel
Mitarbeiter,mittel
Mitarbeiter,mittel
Mitarbeiter,mittel
Mitarbeiter,mittel
Mitarbeiter,mittel
Mitarbeiter,mittel
Mitarbeiter,mittel
Mitarbeiter,mittel
Mitarbeiter,mittel
Mitarbeiter,mittel
Mitarbeiter,mittel
Mitarbeiter,mittel
Mitarbeiter,mittel
Mitarbeiter,mittel
Mitarbeiter,mittel
Mitarbeiter,mittel
Mitarbeiter,mittel
Mitarbeiter,mittel
Mitarbeiter,mittel
Mitarbeiter,mittel
Mitarbeiter,mittel
Mitarbeiter,mittel
Mitarbeiter,mittel
Mitarbeiter,mittel
Mitarbeiter,mittel
Mitarbeiter,mittel
Mitarbeiter,mittel
Mitarbeiter,mittel
Mitarbeiter,mittel
Mitarbeiter,mittel
Mitarbeiter,mittel
Mitarbeiter,mittel
Mitarbeiter,mittel
Mitarbeiter,mittel
Mitarbeiter,mittel
Mitarbeiter,mittel
Mitarbeiter,mittel
Mitarbeiter,mittel
Mitarbeiter,mittel
Mitarbeiter,mittel
Mitarbeiter,mittel
Mitarbeiter,mittel
Mitarbeiter,mittel
Mitarbeiter,mittel
Mitarbeiter,mittel
Mitarbeiter,mittel
Mitarbeiter,mittel
Mitarbeiter,mittel
Mitarbeiter,mittel
Mitarbeiter,mittel
Mitarbeiter,mittel
Mitarbeiter,mittel
Mitarbeiter,mittel
Mitarbeiter,mittel
Mitarbeiter,mittel
Mitarbeiter,mittel
Mitarbeiter,mittel
Mitarbeiter,mittel
Mitarbeiter,mittel
Mitarbeiter,mittel
Mitarbeiter,mittel
Mitarbeiter,mittel
Mitarbeiter,mittel
Mitarbeiter,mittel
Mitarbeiter,mittel
Mitarbeiter,mittel
Mitarbeiter,mittel
Mitarbeiter,mittel
Mitarbeiter,mittel
Mitarbeiter,mittel
Mitarbeiter,mittel
Mitarbeiter,mittel
Mitarbeiter,mittel
Mitarbeiter,mittel
Mitarbeiter,mittel
Mitarbeiter,mittel
Mitarbeiter,mittel
Mitarbeiter,mittel
Mitarbeiter,mittel
Mitarbeiter,mittel
Mitarbeiter,mittel
Mitarbeiter,mittel
Mitarbeiter,mittel
Mitarbeiter,mittel
Mitarbeiter,mittel
Mitarbeiter,mittel
Mitarbeiter,mittel
Mitarbeiter,mittel
Mitarbeiter,mittel
Mitarbeiter,mittel
Mitarbeiter,mittel
Mitarbeiter,mittel
Mitarbeiter,mittel
Mitarbeiter,mittel
Mitarbeiter,mittel
Mitarbeiter,mittel
Mitarbeiter,mittel
Mitarbeiter,mittel
Mitarbeiter,mittel
Mitarbeiter,mittel
Mitarbeiter,mittel
Mitarbeiter,hoch
Mitarbeiter,hoch
Mitarbeiter,hoch
Mitarbeiter,hoch
Mitarbeiter,hoch
Mitarbeiter,hoch
Mitarbeiter,hoch
Mitarbeiter,hoch
Mitarbeiter,hoch
Mitarbeiter,hoch
Mitarbeiter,hoch
Mitarbeiter,hoch
Mitarbeiter,hoch
Mitarbeiter,hoch
Mitarbeiter,hoch
Mitarbeiter,hoch
Mitarbeiter,hoch
Mitarbeiter,hoch
Mitarbeiter,hoch
Mitarbeiter,hoch
Mitarbeiter,hoch
Mitarbeiter,hoch
Mitarbeiter,hoch
Mitarbeiter,hoch
Mitarbeiter,hoch
Mitarbeiter,hoch
Mitarbeiter,hoch
Mitarbeiter,hoch
Mitarbeiter,hoch
Mitarbeiter,hoch
Mitarbeiter,hoch
Mitarbeiter,hoch
Mitarbeiter,hoch
Mitarbeiter,hoch
Mitarbeiter,hoch
Mitarbeiter,hoch
Mitarbeiter,hoch
Mitarbeiter,hoch
Mitarbeiter,hoch
Mitarbeiter,hoch
Mitarbeiter,hoch
Mitarbeiter,hoch
Mitarbeiter,hoch
Mitarbeiter,hoch
Mitarbeiter,hoch
Mitarbeiter,hoch
Mitarbeiter,hoch
Mitarbeiter,hoch
Mitarbeiter,hoch
Mitarbeiter,hoch
Mitarbeiter,hoch
Mitarbeiter,hoch
Mitarbeiter,hoch
Mitarbeiter,hoch
Mitarbeiter,hoch
Mitarbeiter,hoch
Mitarbeiter,hoch
Mitarbeiter,hoch
Mitarbeiter,hoch
Mitarbeiter,hoch
Mitarbeiter,hoch
Mitarbeiter,hoch
Mitarbeiter,hoch
Mitarbeiter,hoch
Mitarbeiter,hoch
Mitarbeiter,hoch
Mitarbeiter,hoch
Mitarbeiter,hoch
Mitarbeiter,hoch
Mitarbeiter,hoch
Mitarbeiter,hoch
Mitarbeiter,hoch
Mitarbeiter,hoch
Mitarbeiter,hoch
Mitarbeiter,hoch
Mitarbeiter,hoch
Mitarbeiter,hoch
Mitarbeiter,hoch
Mitarbeiter,hoch
Mitarbeiter,hoch
Mitarbeiter,hoch
Mitarbeiter,hoch
Mitarbeiter,hoch
Mitarbeiter,hoch
Mitarbeiter,hoch
Mitarbeiter,hoch
Mitarbeiter,hoch
Mitarbeiter,hoch
Mitarbeiter,hoch
Mitarbeiter,hoch
Mitarbeiter,hoch
Mitarbeiter,hoch
Mitarbeiter,hoch
Mitarbeiter,hoch
Mitarbeiter,hoch
Mitarbeiter,hoch
Mitarbeiter,hoch
Mitarbeiter,hoch
Alumni,gering
Alumni,gering
Alumni,gering
Alumni,gering
Alumni,gering
Alumni,gering
Alumni,gering
Alumni,gering
Alumni,gering
Alumni,gering
Alumni,gering
Alumni,gering
Alumni,gering
Alumni,gering
Alumni,gering
Alumni,gering
Alumni,gering
Alumni,gering
Alumni,gering
Alumni,gering
Alumni,mittel
Alumni,mittel
Alumni,mittel
Alumni,mittel
Alumni,mittel
Alumni,mittel
Alumni,mittel
Alumni,mittel
Alumni,mittel
Alumni,mittel
Alumni,mittel
Alumni,mittel
Alumni,mittel
Alumni,mittel
Alumni,mittel
Alumni,mittel
Alumni,mittel
Alumni,mittel
Alumni,hoch
Alumni,hoch
Alumni,hoch
Alumni,hoch
Alumni,hoch
Alumni,hoch
Alumni,hoch
Alumni,hoch
Alumni,hoch
Alumni,hoch
Alumni,hoch
Alumni,hoch
Alumni,hoch
Alumni,hoch
Alumni,hoch
Alumni,hoch
Alumni,hoch
Alumni,hoch
Anwohner,gering
Anwohner,gering
Anwohner,gering
Anwohner,gering
Anwohner,gering
Anwohner,gering
Anwohner,gering
Anwohner,gering
Anwohner,gering
Anwohner,gering
Anwohner,gering
Anwohner,gering
Anwohner,gering
Anwohner,mittel
Anwohner,mittel
Anwohner,mittel
Anwohner,mittel
Anwohner,mittel
Anwohner,mittel
Anwohner,mittel
Anwohner,mittel
Anwohner,mittel
Anwohner,mittel
Anwohner,mittel
Anwohner,mittel
Anwohner,mittel
Anwohner,mittel
Anwohner,mittel
Anwohner,mittel
Anwohner,mittel
Anwohner,mittel
Anwohner,mittel
Anwohner,mittel
Anwohner,mittel
Anwohner,mittel
Anwohner,mittel
Anwohner,mittel
Anwohner,mittel
Anwohner,mittel
Anwohner,mittel
Anwohner,mittel
Anwohner,mittel
Anwohner,mittel
Anwohner,mittel
Anwohner,mittel
Anwohner,mittel
Anwohner,mittel
Anwohner,mittel
Anwohner,mittel
Anwohner,mittel
Anwohner,mittel
Anwohner,mittel
Anwohner,mittel
Anwohner,mittel
Anwohner,mittel
Anwohner,mittel
Anwohner,mittel
Anwohner,mittel
Anwohner,mittel
Anwohner,mittel
Anwohner,mittel
Anwohner,mittel
Anwohner,mittel
Anwohner,mittel
Anwohner,mittel
Anwohner,mittel
Anwohner,mittel
Anwohner,mittel
Anwohner,mittel
Anwohner,mittel
Anwohner,mittel
Anwohner,hoch
Anwohner,hoch
Anwohner,hoch
Anwohner,hoch
Anwohner,hoch
Anwohner,hoch
Anwohner,hoch
Anwohner,hoch
Anwohner,hoch
Anwohner,hoch
Anwohner,hoch
Anwohner,hoch
Anwohner,hoch
Anwohner,hoch
Anwohner,hoch
Anwohner,hoch
Anwohner,hoch
Anwohner,hoch
Anwohner,hoch
Anwohner,hoch
Anwohner,hoch
Anwohner,hoch
Anwohner,hoch
Anwohner,hoch
Anwohner,hoch
Anwohner,hoch
Anwohner,hoch
Anwohner,hoch
Anwohner,hoch
Anwohner,hoch
Anwohner,hoch
Anwohner,hoch
Anwohner,hoch
Anwohner,hoch
Anwohner,hoch
Anwohner,hoch
Anwohner,hoch
Anwohner,hoch
Anwohner,hoch
Anwohner,hoch
Anwohner,hoch
Anwohner,hoch
Anwohner,hoch
Anwohner,hoch
Anwohner,hoch
